model,fpr,tpr
bureau_proxy,0.0,0.0
bureau_proxy,0.013039117352056168,0.040075954427343595
bureau_proxy,0.02657973921765296,0.06306216270237858
bureau_proxy,0.04012036108324975,0.10053967619428343
bureau_proxy,0.05265797392176529,0.12862282630421748
bureau_proxy,0.0667001003009027,0.1658005196881871
bureau_proxy,0.08124373119358075,0.1897861283230062
bureau_proxy,0.09578736208625878,0.21107335598640817
bureau_proxy,0.11083249749247744,0.23865680591645014
bureau_proxy,0.12637913741223672,0.2607435538676794
bureau_proxy,0.1399197592778335,0.2785328802718369
bureau_proxy,0.15446339017051153,0.299620227863282
bureau_proxy,0.17051153460381144,0.32360583649810115
bureau_proxy,0.18505516549648948,0.3442934239456326
bureau_proxy,0.20160481444332998,0.36398161103337995
bureau_proxy,0.2176529588766299,0.38386967819308415
bureau_proxy,0.23219658976930793,0.39646212272636416
bureau_proxy,0.24824473420260781,0.4151509094543274
bureau_proxy,0.2642928786359077,0.43413951629022585
bureau_proxy,0.28084252758274825,0.4592244653208075
bureau_proxy,0.2958876629889669,0.47871277233659804
bureau_proxy,0.3104312938816449,0.49110533679792123
bureau_proxy,0.3234704112337011,0.5104937037777334
bureau_proxy,0.3385155466399198,0.5311812912252648
bureau_proxy,0.3510531594784353,0.547671397161703
bureau_proxy,0.36710130391173523,0.567059764141515
bureau_proxy,0.3831494483450351,0.5825504697181692
bureau_proxy,0.399197592778335,0.5955426743953628
bureau_proxy,0.4147442326980943,0.607935238856686
bureau_proxy,0.4307923771313942,0.6233260043973616
bureau_proxy,0.44583751253761283,0.6350189886068359
bureau_proxy,0.4608826479438315,0.6492104737157706
bureau_proxy,0.4754262788365095,0.6640015990405757
bureau_proxy,0.4889669007021063,0.6795922446532081
bureau_proxy,0.5020060180541625,0.6931840895462722
bureau_proxy,0.5150451354062187,0.7065760543673796
bureau_proxy,0.5295887662988967,0.718768738756746
bureau_proxy,0.5441323971915747,0.7339596242254647
bureau_proxy,0.559679037111334,0.7441535078952628
bureau_proxy,0.5757271815446339,0.7550469718169098
bureau_proxy,0.5922768304914744,0.7700379772136718
bureau_proxy,0.6078234704112337,0.783130121926844
bureau_proxy,0.6223671013039117,0.7939236458125125
bureau_proxy,0.6359077231695085,0.807115730561663
bureau_proxy,0.6494483450351053,0.8193084149510294
bureau_proxy,0.6670010030090271,0.8337997201678993
bureau_proxy,0.6825476429287863,0.844393363981611
bureau_proxy,0.7026078234704113,0.8531880871477113
bureau_proxy,0.7186559679037111,0.8609834099540276
bureau_proxy,0.7352056168505516,0.871477113731761
bureau_proxy,0.7512537612838516,0.8856685988406956
bureau_proxy,0.7668004012036108,0.8981611033379971
bureau_proxy,0.7828485456369108,0.9070557665400759
bureau_proxy,0.8009027081243731,0.9166500099940036
bureau_proxy,0.8159478435305918,0.9258444933040176
bureau_proxy,0.8329989969909729,0.9342394563262043
bureau_proxy,0.8480441323971916,0.9428342994203478
bureau_proxy,0.8665997993981945,0.9518289026584049
bureau_proxy,0.8856569709127382,0.9586248251049371
bureau_proxy,0.9042126379137412,0.9672196681990806
bureau_proxy,0.9227683049147443,0.9764141515090945
bureau_proxy,0.9418254764292878,0.9823106136318209
bureau_proxy,0.9638916750250752,0.9897061762942234
bureau_proxy,0.9844533600802408,0.9961023385968419
logit_behavioral,0.0,0.0
logit_behavioral,0.012036108324974924,0.2291625024985009
logit_behavioral,0.02457372116349047,0.3185088946632021
logit_behavioral,0.037111334002006016,0.3935638616829902
logit_behavioral,0.04964894684052156,0.44173495902458526
logit_behavioral,0.06268806419257773,0.4901059364381371
logit_behavioral,0.07522567703109329,0.5244853088147112
logit_behavioral,0.08776328986960882,0.5552668398960624
logit_behavioral,0.10130391173520562,0.591245252848291
logit_behavioral,0.1148445336008024,0.6233260043973616
logit_behavioral,0.1288866599799398,0.6410153907655407
logit_behavioral,0.14142427281845538,0.6672996202278633
logit_behavioral,0.15446339017051153,0.6880871477113731
logit_behavioral,0.16950852557673018,0.7104737157705376
logit_behavioral,0.18304914744232698,0.7301619028582851
logit_behavioral,0.19809428284854563,0.7515490705576654
logit_behavioral,0.21263791374122368,0.7613431940835499
logit_behavioral,0.22617853560682047,0.7803318009194483
logit_behavioral,0.24022066198595787,0.7948231061363182
logit_behavioral,0.2542627883650953,0.8067159704177493
logit_behavioral,0.26980942828485455,0.8167099740155906
logit_behavioral,0.283851554663992,0.8299020587647411
logit_behavioral,0.3029087261785356,0.841495102938237
logit_behavioral,0.31745235707121366,0.8544873076154308
logit_behavioral,0.33350050150451355,0.8637817309614232
logit_behavioral,0.3485456369107322,0.8737757345592645
logit_behavioral,0.3650952858575727,0.8813711772936238
logit_behavioral,0.3811434302908726,0.8887667399560264
logit_behavioral,0.39969909729187564,0.8968618828702778
logit_behavioral,0.41624874623871616,0.9031581051369179
logit_behavioral,0.4338014042126379,0.9089546272236658
logit_behavioral,0.45085255767301907,0.9164501299220468
logit_behavioral,0.4709127382146439,0.923046172296622
logit_behavioral,0.49398194583751254,0.92884269438337
logit_behavioral,0.5155466399197592,0.9345392764341395
logit_behavioral,0.5396188565697091,0.9394363381970817
logit_behavioral,0.5626880641925778,0.9439336398161103
logit_behavioral,0.5867602808425276,0.9490305816510094
logit_behavioral,0.6133400200601805,0.9539276434139516
logit_behavioral,0.6414242728184554,0.9590245852488507
logit_behavioral,0.656469408224674,0.9645212872276634
logit_behavioral,0.6880641925777332,0.9689186488107135
logit_behavioral,0.7166499498495487,0.9729162502498501
logit_behavioral,0.7397191574724172,0.9781131321207276
logit_behavioral,0.7632898696088265,0.9821107335598641
logit_behavioral,0.7938816449348044,0.9856086348191085
logit_behavioral,0.8304914744232698,0.9897061762942234
logit_behavioral,0.8676028084252758,0.9931041375174895
logit_behavioral,0.9197592778335005,0.9968019188486907
logit_behavioral,0.9979939819458375,1.0
pbcm_gbm,0.0,0.0
pbcm_gbm,0.012036108324974924,0.20177893264041574
pbcm_gbm,0.02457372116349047,0.30541674995003
pbcm_gbm,0.03761283851554664,0.38327003797721365
pbcm_gbm,0.05015045135406219,0.44463322006795925
pbcm_gbm,0.0641925777331996,0.4873076154307416
pbcm_gbm,0.07673019057171515,0.5302818309014591
pbcm_gbm,0.09127382146439318,0.5543673795722567
pbcm_gbm,0.10481444332998997,0.579852088746752
pbcm_gbm,0.119358074222668,0.6017389566260244
pbcm_gbm,0.13390170511534605,0.6385168898660804
pbcm_gbm,0.14944834503510532,0.6598041175294823
pbcm_gbm,0.1649949849548646,0.6812912252648411
pbcm_gbm,0.1810431293881645,0.706176294223466
pbcm_gbm,0.19658976930792377,0.7248650809514291
pbcm_gbm,0.21213640922768304,0.7436538077153708
pbcm_gbm,0.22567703109327983,0.7612432540475714
pbcm_gbm,0.24022066198595787,0.7796322206675994
pbcm_gbm,0.25576730190571717,0.7933240055966421
pbcm_gbm,0.26980942828485455,0.8085148910653608
pbcm_gbm,0.2843530591775326,0.8223066160303818
pbcm_gbm,0.29839518555667,0.831800919448331
pbcm_gbm,0.31344032096288865,0.8436937837297621
pbcm_gbm,0.3304914744232698,0.8533879672196683
pbcm_gbm,0.3460381143430291,0.8624825104937037
pbcm_gbm,0.36258776328986964,0.8715770537677393
pbcm_gbm,0.37963891675025074,0.8798720767539476
pbcm_gbm,0.3971915747241725,0.8893663801718968
pbcm_gbm,0.41675025075225675,0.8967619428342994
pbcm_gbm,0.4353059177532598,0.9050569658205077
pbcm_gbm,0.4593781344032096,0.9112532480511693
pbcm_gbm,0.48294884653961884,0.9168498900659604
pbcm_gbm,0.5090270812437312,0.9241455126923845
pbcm_gbm,0.5336008024072216,0.9299420347791325
pbcm_gbm,0.5551654964894684,0.935638616829902
pbcm_gbm,0.574222668004012,0.9411353188087148
pbcm_gbm,0.5972918756268807,0.9460323805716571
pbcm_gbm,0.6248746238716149,0.952328602838297
pbcm_gbm,0.6449348044132397,0.9567259644213472
pbcm_gbm,0.6670010030090271,0.9613232060763542
pbcm_gbm,0.6930792377131394,0.967819308414951
pbcm_gbm,0.7211634904714143,0.9728163102138717
pbcm_gbm,0.7482447342026078,0.9766140315810514
pbcm_gbm,0.7818455366098295,0.9810113931641016
pbcm_gbm,0.8119358074222668,0.984509294423346
pbcm_gbm,0.8430290872617854,0.9897061762942234
pbcm_gbm,0.8826479438314945,0.9930041974815111
pbcm_gbm,0.9162487462387161,0.9962022786328203
pbcm_gbm,0.966900702106319,0.9994003597841296
pbcm_plus_bureau,0.0,0.0
pbcm_plus_bureau,0.012036108324974924,0.20737557465520687
pbcm_plus_bureau,0.02457372116349047,0.30991405156905855
pbcm_plus_bureau,0.037111334002006016,0.3855686588047172
pbcm_plus_bureau,0.05015045135406219,0.44703178093144114
pbcm_plus_bureau,0.06318956870611836,0.4813112132720368
pbcm_plus_bureau,0.07723169508525576,0.5164901059364382
pbcm_plus_bureau,0.09027081243731194,0.5555666600039976
pbcm_plus_bureau,0.10431293881644935,0.5809514291425145
pbcm_plus_bureau,0.11735205616850551,0.6075354787127724
pbcm_plus_bureau,0.13089267803410232,0.6282230661603038
pbcm_plus_bureau,0.1444332998996991,0.657305616630022
pbcm_plus_bureau,0.1584754262788365,0.6815910453727764
pbcm_plus_bureau,0.17502507522567703,0.6959824105536678
pbcm_plus_bureau,0.19107321965897692,0.7240655606636018
pbcm_plus_bureau,0.20561685055165496,0.7383569858085149
pbcm_plus_bureau,0.21915747241725175,0.7539476314211473
pbcm_plus_bureau,0.2342026078234704,0.768638816709974
pbcm_plus_bureau,0.2512537612838516,0.7895262842294624
pbcm_plus_bureau,0.2668004012036108,0.8014191485108935
pbcm_plus_bureau,0.2823470411233701,0.8146112332600439
pbcm_plus_bureau,0.2978936810431294,0.8276034379372377
pbcm_plus_bureau,0.31293881644934807,0.8407955226863881
pbcm_plus_bureau,0.3279839518555667,0.8516889866080352
pbcm_plus_bureau,0.34453360080240725,0.8635818508894664
pbcm_plus_bureau,0.3600802407221665,0.8715770537677393
pbcm_plus_bureau,0.3781344032096289,0.8789726164301419
pbcm_plus_bureau,0.3936810431293882,0.887467519488307
pbcm_plus_bureau,0.4102306920762287,0.8930641615030981
pbcm_plus_bureau,0.4272818455366098,0.8992604437337598
pbcm_plus_bureau,0.4463390170511535,0.9059564261443134
pbcm_plus_bureau,0.4684052156469408,0.9124525284829103
pbcm_plus_bureau,0.4884653961885657,0.9195482710373776
pbcm_plus_bureau,0.5095285857572718,0.9241455126923845
pbcm_plus_bureau,0.5285857572718154,0.9285428742754347
pbcm_plus_bureau,0.5481444332998997,0.9334399360383769
pbcm_plus_bureau,0.5722166499498496,0.9395362782330602
pbcm_plus_bureau,0.5957873620862588,0.9445332800319808
pbcm_plus_bureau,0.6153460381143431,0.9502298620827504
pbcm_plus_bureau,0.633901705115346,0.9548271037377574
pbcm_plus_bureau,0.660481444332999,0.9601239256446132
pbcm_plus_bureau,0.6825476429287863,0.9659204477313612
pbcm_plus_bureau,0.7121364092276831,0.9695182890265841
pbcm_plus_bureau,0.7452357071213641,0.9752148710773536
pbcm_plus_bureau,0.7763289869608826,0.9805116929842095
pbcm_plus_bureau,0.804914744232698,0.984509294423346
pbcm_plus_bureau,0.8350050150451354,0.9880071956825904
pbcm_plus_bureau,0.8691073219658977,0.9918049170497701
pbcm_plus_bureau,0.9022066198595787,0.9951029382370578
pbcm_plus_bureau,0.9468405215646941,0.9984009594243454
