L0,air_cat_60_both,air_cat_60_bureau,air_cat_60_pbcm,air_cat_op_both,air_cat_op_bureau,air_cat_op_category,air_cat_op_declared,air_cat_op_pbcm,air_ten_60_both,air_ten_60_pbcm,air_ten_op_both,air_ten_op_bureau,air_ten_op_category,air_ten_op_declared,air_ten_op_pbcm,auc_25wk_model_on_52wk,auc_52wk_model,auc_abl_both,auc_abl_category,auc_abl_declared,auc_bureau,auc_bureau_thick,auc_bureau_thin,auc_combined,auc_diff_logit_minus_gbm,auc_logit,auc_logit_thick,auc_logit_thin,auc_pbcm,auc_pbcm_thick,auc_pbcm_thin,auc_sel_approved50,auc_sel_random50,bad60_bureau,bad60_pbcm,book_share,brier_pbcm,calib_intercept_pbcm,calib_slope_pbcm,cap_binds,ece_pbcm,flat_pass_linear_rule,flat_pass_reference_shortcut,flat_pass_tier_expected_loss,flat_spread_linear_rule,flat_spread_reference_shortcut,flat_spread_tier_expected_loss,fr_elevated,fr_high,fr_low,fr_moderate,fr_very_low,frozen_appr_bureau,frozen_appr_logit,frozen_appr_pbcm,frozen_bad_bureau,frozen_bad_logit,frozen_bad_pbcm,frozen_thr_bureau,frozen_thr_pbcm,ks_pbcm,margin_linear_rule_elevated,margin_linear_rule_high,margin_linear_rule_low,margin_linear_rule_moderate,margin_linear_rule_very_low,margin_noshift_elevated,margin_noshift_high,margin_noshift_low,margin_noshift_moderate,margin_noshift_very_low,margin_reference_shortcut_elevated,margin_reference_shortcut_high,margin_reference_shortcut_low,margin_reference_shortcut_moderate,margin_reference_shortcut_very_low,margin_tier_expected_loss_elevated,margin_tier_expected_loss_high,margin_tier_expected_loss_low,margin_tier_expected_loss_moderate,margin_tier_expected_loss_very_low,margincap_linear_rule_elevated,margincap_linear_rule_high,margincap_linear_rule_low,margincap_linear_rule_moderate,margincap_linear_rule_very_low,margincap_reference_shortcut_elevated,margincap_reference_shortcut_high,margincap_reference_shortcut_low,margincap_reference_shortcut_moderate,margincap_reference_shortcut_very_low,margincap_tier_expected_loss_elevated,margincap_tier_expected_loss_high,margincap_tier_expected_loss_low,margincap_tier_expected_loss_moderate,margincap_tier_expected_loss_very_low,miss_own_elevated,miss_own_high,miss_own_low,miss_own_moderate,miss_own_very_low,mon_a2_f1,mon_a2_false_alarm,mon_a2_flags_per_100,mon_a2_lead,mon_a2_precision,mon_a2_recall,mon_cum_f1,mon_cum_false_alarm,mon_cum_lead,mon_cum_precision,mon_cum_recall,mon_event_rate,mon_kappa,mon_proj_f1,mon_proj_false_alarm,mon_proj_lead,mon_proj_precision,mon_proj_recall,mon_thr_a2,mon_thr_cum,n_elevated,n_high,n_low,n_moderate,n_very_low,portfolio_all_equal_linear_rule,portfolio_all_equal_reference_shortcut,portfolio_all_equal_tier_expected_loss,portfolio_capital_linear_rule,portfolio_capital_no_shift,portfolio_capital_reference_shortcut,portfolio_capital_tier_expected_loss,portfolio_equal_linear_rule,portfolio_equal_no_shift,portfolio_equal_reference_shortcut,portfolio_equal_tier_expected_loss,pricing_iterations,ref_miss_no_shift,ref_miss_test,retro8_bureau,retro8_pbcm,seed,shuffled_control_auc,stress_all_funded_sellers_gmv_x_0.6,stress_all_funded_sellers_gmv_x_0.7,stress_all_funded_sellers_gmv_x_0.8,stress_all_funded_sellers_gmv_x_0.9,stress_all_funded_sellers_gmv_x_1.0,stress_collection_base_12pct_below_sizing_base_0.88,tau0,unpaidany_elevated,unpaidany_high,unpaidany_low,unpaidany_moderate,unpaidany_very_low,unpaidshare_elevated,unpaidshare_high,unpaidshare_low,unpaidshare_moderate,unpaidshare_very_low
0.09045243912063589,0.9573287196841012,0.9504930609629452,0.9295756289293892,0.9657199482338006,0.8878858810316053,0.9704759458532229,0.9631681165031568,0.9681059147519817,0.9444699321776887,0.953809244585789,0.9934886649841006,0.9076495320477961,0.9913501954809933,0.9939859175199539,0.9932751473168787,0.8271779066937838,0.8168303649823692,0.8454459921840276,0.8461954923334867,0.8465623735086931,0.6378703369753473,0.7058143390568459,0.5491281007321371,0.8469429375474014,0.007478211167582294,0.8544056113974544,0.8550624972968297,0.8538549572963114,0.8469274002298721,0.8475298229763868,0.846240370356975,0.8355365917861521,0.8393245897997812,0.12250000000000005,0.046805555555555545,0.8183333333333334,0.10192392670256231,-0.2194918286019208,1.0715878200963342,0,0.01335278326049002,0,0,0,0.077941990278807,0.033396367590919435,0.010998235144315853,1.126229404542125,1.123103960539542,1.1307175104117209,1.1247603820988128,1.109840695530087,0.111,0.8219166666666666,0.8183333333333334,0.07657657657657657,0.0841528946567981,0.08513238289205705,0.9111897202247151,0.7172291740038963,0.5398463028501856,0.12607362388944623,0.16484216989942738,0.08827490793579286,0.11028162859310209,0.08690017962062038,0.04321123527672019,0.05214608209525732,0.04787435845564046,0.045405054434977374,0.049169859069429306,0.04333673627245908,0.0645359774049742,0.031139609814054763,0.039948398392132704,0.04163679364417227,0.037390623818730165,0.04838885896304602,0.04391138189478379,0.04053050966711119,0.04696450361734003,0.116025646542627,0.16198773276855744,0.08689278726158432,0.10877314703506291,0.08836158028099295,0.0343065048604664,0.06255157956986439,0.030251893328212168,0.03872584664824415,0.04319030217220528,0.02855835030556574,0.04667137106548878,0.043069995299694804,0.03948569125617929,0.048719949187020085,0.4083916083916084,0.34714003944773175,0.19406890536415178,0.29866412213740456,0.05990644333786027,0.8578451454321999,0.03349392062399633,13.635437881873727,16.0,0.7819268110530246,0.9500907441016334,0.8450024142926122,0.010782289515944024,20.0,0.9029927760577915,0.794010889292196,0.11221995926680245,1.0,0.9483282674772036,0.012502867630190411,20.0,0.9092422980849292,0.9909255898366606,0.55,0.7,715,507,2293,1048,6627,0.09540613246006784,0.040473778845187,0.045189096140539814,0.08923744559340972,0.049671130192755125,0.040383253800440465,0.04705607302001338,0.08911125732148306,0.04845706519157778,0.03889555871845899,0.045577323672903576,5,0.15641666666666665,0.16616666666666668,0.17658333333333334,0.80025,42,0.5074834738073906,-0.006789435405800962,0.01612690362526597,0.0302256548497208,0.03982646543531542,0.04705607302001338,0.038142061888963755,20.223416666666665,0.0937062937062937,0.06903353057199212,0.07195813344962931,0.0868320610687023,0.028368794326241134,0.02685424330996804,0.020879988067076048,0.021263425581659837,0.02077383542813586,0.007868257006048476
0.08574966499705436,0.9542568379618799,0.9473130061365356,0.934138386143862,0.9675687977982294,0.8916507411807241,0.9683421855145341,0.9581834545863647,0.9631391528759485,0.9945453054548202,0.9911457679716366,0.980955427946832,0.9349996630391084,0.9797803273519352,0.9831664011119509,0.9835061537071973,0.8340986566629828,0.8259390660274804,0.8431620849210331,0.8441220334148172,0.8435839288980904,0.6202337486068588,0.6674117616727254,0.5601723457854426,0.8440840290030094,0.006745907946123397,0.8506097510731003,0.8533964343723413,0.847146936651004,0.8438638431269769,0.8471978369041173,0.8397549158145785,0.8343690825670067,0.8409141813937093,0.12486111111111109,0.046944444444444455,0.82125,0.1020370111451762,-0.1408739258402132,1.0339227062511247,0,0.010088296650323366,0,0,1,0.07483999352597195,0.027831902421501215,0.003453984730900292,1.12769082042962,1.1178167646219188,1.130677129747256,1.1266841841212203,1.1077468983414913,0.18241666666666667,0.8305833333333333,0.82125,0.09319323892188214,0.08959566569679944,0.08868594622019277,0.896845379923827,0.7122501276006077,0.5245249061488291,0.13363510016602162,0.16182696710259997,0.09144159459704376,0.11371610105563458,0.08698697357662802,0.04757785059426354,0.04702761234104527,0.05034256803554073,0.046708871819946804,0.04751174843544567,0.04772744951848595,0.060884278679787185,0.03305237625828597,0.04119444872295605,0.042057477894548216,0.044287006505584155,0.0428086559101759,0.04615606502432104,0.044200375199554096,0.04626264064107619,0.13646943420268623,0.15436208404819327,0.09519841752894397,0.11782810952630413,0.08944193638645485,0.050244658940581326,0.058490480617342876,0.03597470333027189,0.04451268615571429,0.04461186173103998,0.046961124755166464,0.041108328748030824,0.04929221182168338,0.047621641261800005,0.04907950481633806,0.33967391304347827,0.4298642533936652,0.18447018447018448,0.26817826426896013,0.05574748743718593,0.8549180327868852,0.03447488584474886,13.647894469812279,16.0,0.7754646840148699,0.9525114155251142,0.8531669865642995,0.01141552511415525,20.0,0.8988877654196158,0.8118721461187215,0.1111111111111111,1.0,0.9510489510489509,0.011986301369863013,19.0,0.911986588432523,0.993607305936073,0.55,0.7,736,442,2331,1279,6368,0.09702485220270472,0.041196939963183944,0.0457367538324402,0.09282815660742846,0.05049456165050557,0.04267485252727463,0.04887847284954033,0.09083123174647174,0.047916638095520776,0.03958875641056771,0.04580167486947119,5,0.15749999999999997,0.1669166666666667,0.0875,0.7845833333333333,43,0.54270779486467,-0.0015596802333062798,0.019924148071392478,0.03315999621121082,0.04225457180538585,0.04887847284954033,0.04068483278856151,20.2015,0.08967391304347826,0.06561085972850679,0.06906906906906907,0.0688037529319781,0.024811557788944723,0.02295255580299313,0.021152464681811894,0.019501102626189232,0.019716760958094944,0.0070861606103638725
0.09385111615889463,0.9575234272218256,0.948376904269325,0.9616843506560349,0.9646759399070736,0.8751826411498451,0.9608208734148115,0.9675208401675504,0.958480293525861,0.9586396731107957,0.9551935478708935,0.9887669332790647,0.9858807276076446,0.9884365756373572,0.9916897953048416,0.9896279415380852,0.8488987556035199,0.8451612867252807,0.8465249133478671,0.8468952699768879,0.8465977462603853,0.631043031765656,0.69723248530454,0.5486900588598744,0.8477298793242385,0.009284140783025419,0.8568972336740205,0.8590611906970441,0.8542483821664336,0.8476130928909951,0.8526361609934547,0.8417053103964098,0.8373812106616625,0.8418989321781442,0.12083333333333335,0.04472222222222222,0.8150833333333334,0.09967002486682094,-0.20190974462935676,1.0680681791567888,0,0.011835731971128083,0,0,1,0.08895467210329538,0.04219879304432763,0.016359975333245735,1.126529315641742,1.1222172075609502,1.1260044681831156,1.1295349581175849,1.1088480154103095,0.11941666666666667,0.8220833333333334,0.8150833333333334,0.08443824145150036,0.08443993917891535,0.08383600858807894,0.9118360526858271,0.72876261134729,0.5416371549566147,0.13036491955901383,0.17701233982408213,0.09132170895173819,0.10912891693524482,0.08805766772078673,0.04479327627946076,0.0636587864328134,0.04586568306939618,0.04768755715510051,0.048627538273161984,0.04736461278193505,0.07586149765779517,0.033662704613467535,0.03950527705773306,0.04286437511889595,0.04086036959654289,0.05722034492978863,0.04252224570011765,0.043037867694751195,0.047528056002866116,0.13206699664705027,0.17925610085205554,0.09145380328790496,0.11563047619297849,0.08879108289289561,0.04890196770158043,0.07795566037999326,0.03402682085153878,0.04495729964542397,0.04384371126102762,0.04242653771886493,0.05930834406975383,0.043107671364319075,0.04874677454136583,0.048774035496354236,0.3533724340175953,0.36403508771929827,0.19151910531220875,0.2910189982728843,0.06006228681595729,0.8551266085512662,0.035361653272101036,13.679582864737757,15.0,0.7698056801195815,0.96171802054155,0.8381618381618382,0.010562571756601608,20.0,0.9011815252416756,0.7833800186741363,0.10949800633882016,1.0,0.9473684210526316,0.012514351320321469,19.0,0.9069171648163963,0.9915966386554622,0.55,0.7,682,456,2146,1158,6743,0.0970717057453498,0.04237078812778774,0.04609132955235821,0.0909342797161524,0.04901757655814825,0.04223241466038062,0.04788704985505143,0.09053268471167862,0.04799778611497199,0.040500825787478635,0.0460656493647333,5,0.1565833333333333,0.1635833333333333,0.10391666666666667,0.8004166666666667,44,0.4901337288405797,-0.0048408816420492514,0.01805081353605491,0.03183473559446012,0.04106621129856017,0.04788704985505143,0.039458175485878516,20.134833333333333,0.093841642228739,0.04824561403508772,0.06616961789375582,0.08721934369602763,0.024321518611893817,0.02478199641668718,0.01260004909523269,0.019269228178463826,0.022156546791165445,0.006497560762797564
0.08719870305743732,0.970791539669345,0.9573367667597765,0.9545045432396021,0.9782059884412778,0.9571953408117071,0.9781865414224806,0.9807175149239441,0.9849422010883309,0.9787473260320652,0.9573382132429764,0.9900031668479878,0.8567919719703785,0.9908728900072404,0.9904345305263358,0.9933478624834241,0.8301699503305694,0.8111406437982664,0.84544925,0.8449289999999999,0.8453826499999999,0.63127405,0.6994203953184793,0.5453314208763937,0.8456022000000001,0.004983550000000059,0.85049065,0.855348576681125,0.8443591119458045,0.8455071,0.8477280198648652,0.8428925223277628,0.8359397499999999,0.8379204,0.12458333333333338,0.04569444444444448,0.81575,0.10137716793198064,-0.08817707284901916,1.0300638606061179,0,0.00831046030409441,0,0,1,0.08670771364305704,0.03274290839079368,0.00909101480805613,1.1352580396378804,1.1083211984731995,1.125858068976952,1.131961231106836,1.1089994222846238,0.25875,0.8289166666666666,0.81575,0.100805152979066,0.09058007439428972,0.08703646950658905,0.8893310431239777,0.6955641765981713,0.5422,0.13634903103683535,0.17290537796300068,0.09410059204804551,0.11461661816281375,0.08619766431994363,0.05601801431214351,0.046394979745177006,0.0483212914320487,0.05332112058617535,0.04820515031005224,0.04975177942967718,0.06846288347350393,0.03571997508271025,0.04212826173203325,0.04128255188119791,0.0514058272066977,0.04231481239864157,0.0453114785491987,0.04869401774182482,0.04643207127557756,0.12902155963503292,0.17475152072758263,0.09436158511590323,0.10277518116302388,0.08644482719350667,0.04445829831318628,0.06992980078923884,0.035819953303473775,0.03211008600712436,0.04186990157975896,0.04626450559737923,0.0438244634062161,0.045526803699193874,0.038791954700697656,0.04724650513739193,0.33007334963325186,0.342911877394636,0.18582375478927204,0.26973684210526316,0.05795525170913611,0.8583264291632146,0.03132557871703329,13.361936867912963,16.0,0.7920489296636085,0.9367088607594937,0.8517805582290664,0.010019578486698147,20.0,0.9104938271604939,0.8001808318264014,0.11298396158953927,1.0,0.9573170731707318,0.010480248761948635,19.0,0.9235294117647059,0.9936708860759493,0.55,0.7,818,522,2088,1216,6436,0.09859333268323786,0.04223288437661428,0.04664236482324663,0.08925852451078399,0.0490431375465996,0.039972478774566646,0.046234692479685924,0.09163040292460224,0.04889445061068213,0.04023117087690049,0.04650374849361194,5,0.15733333333333333,0.16666666666666663,0.024666666666666667,0.7881666666666667,45,0.4892999,-0.007845635103467526,0.015201582935585682,0.029413841540296196,0.03909664359150127,0.046234692479685924,0.037404042692966814,20.159916666666668,0.07701711491442542,0.04980842911877394,0.06609195402298851,0.07319078947368421,0.027035425730267248,0.022453851878970983,0.01664779906353036,0.01701167991279079,0.01963878814894774,0.007750001769079591
0.08457711113931102,0.9609040453196215,0.9638312720226637,0.9343581673306773,0.9574778729393802,0.9537164478779717,0.9549680067608355,0.9350870433891291,0.9381710905922589,0.9498992990183975,0.9626211054700645,0.9798126161099201,0.9181284766095885,0.9754746601740298,0.9815294295549765,0.9846232494699794,0.8269304800584318,0.8140683313959078,0.8406572428165822,0.8409702798707783,0.8410219798967604,0.6295952372194796,0.6867115070567371,0.5604159153655791,0.8424767217820575,0.008297291681666263,0.8501742051206601,0.842623952618424,0.8591875549878649,0.8418769134389938,0.8337778813115135,0.8516771252694544,0.8352019852027384,0.8393271777205268,0.12902777777777774,0.04805555555555552,0.8080833333333334,0.10460010162550194,-0.20637185408632858,1.0398887720571481,0,0.01598451298006106,0,0,0,0.07799563263819752,0.032645667409273146,0.016111240929291767,1.1279155630070645,1.1025717849183998,1.1250252332987516,1.1305362148213405,1.1105298634343908,0.19491666666666665,0.80725,0.8080833333333334,0.09448482257374946,0.08826262000619389,0.09064659172940082,0.8969523853580323,0.7262688741704993,0.5251951786032913,0.13433068811232918,0.16353167952248737,0.08553604688428985,0.10533040435194277,0.08709840625540316,0.04993362881626987,0.03407928785674767,0.04176906158195581,0.04620149691353355,0.050034832167190534,0.04746105635832131,0.06047448896631847,0.02782882155704532,0.03356874153761839,0.04146496668740962,0.044749455469303534,0.03174801037430501,0.0372164114727663,0.03977354915549386,0.04785925130359678,0.14140716873900808,0.16666701109448717,0.0876520929823283,0.105152812399199,0.08933025992275027,0.05260310996980032,0.06438692140407154,0.02968869124003273,0.03377009664982302,0.04365588732348199,0.05004985135710839,0.035899932135447205,0.03926320416119333,0.04012293211035848,0.05019781440314328,0.335149863760218,0.35490196078431374,0.20812862885216615,0.3015301530153015,0.06113138686131387,0.8566814695195801,0.034510901247522444,13.994018768691348,16.0,0.7818717759764185,0.9473214285714285,0.8387400094029149,0.01340795149819284,20.0,0.8857994041708044,0.7964285714285714,0.11549963906362792,1.0,0.9444679949130989,0.014573860324122653,19.0,0.8991121872477804,0.9946428571428572,0.55,0.7,734,510,2239,1111,6576,0.09519214766118017,0.0392082031325653,0.043981735056140926,0.09014199196442524,0.04994773959867199,0.04064279530956578,0.04779751322635722,0.08826598883004069,0.04774543882674261,0.03759270561584773,0.04472969568025317,5,0.16216666666666668,0.17133333333333334,0.08458333333333333,0.7679166666666667,46,0.4950749978087406,-0.005566245818240663,0.01718023623461893,0.03125951545320983,0.040797039720400566,0.04779751322635722,0.03913194679571446,20.03858333333333,0.08310626702997276,0.06470588235294118,0.07949977668602054,0.08280828082808281,0.026916058394160582,0.023060844499572915,0.020833707030811516,0.022944122510486834,0.025540487774754973,0.007505781934091922
0.08398414993708793,0.9615621889728805,0.9506401490182961,0.9333142947853258,0.9784704449906959,0.9329678876066232,0.9815243477528391,0.9719330770282797,0.9707927888298155,0.9653794190497635,0.9592374603537026,0.9892773086108375,0.9221127322352894,0.9801525371248037,0.9899336421116354,0.9799556506003135,0.8399652625409285,0.8363112650313625,0.8402904085580787,0.8407886731593048,0.840325512321023,0.6377500496723219,0.6951067863846768,0.5643774547050626,0.8421160031193622,0.009044588938913578,0.850172963101669,0.8508815727882666,0.8493587487396506,0.8411283741627554,0.8407501446040999,0.841832366806694,0.8292254140901533,0.8337440042673447,0.11944444444444446,0.04777777777777781,0.8199166666666666,0.10325250663296996,-0.23715975028926667,1.1060688257627254,0,0.013327253359123362,0,0,0,0.07613928116028429,0.030127329319766534,0.013357015491417983,1.1309339378274443,1.1177392647527267,1.1235479028098687,1.1307186512181853,1.110214362346909,0.19433333333333333,0.8344166666666667,0.8199166666666666,0.09176672384219553,0.09118146409667427,0.09076125622522613,0.8973120620033165,0.7084005359501282,0.5219114108311717,0.14043579794707606,0.1649428869329821,0.09223702500486107,0.10414134337658962,0.0888036057726978,0.057204448757034475,0.0461821132491753,0.04737560717098092,0.04428627861164693,0.050048400440297416,0.05228013541773275,0.06239815716469887,0.03392549387238019,0.032270827844932334,0.042816406705852045,0.05182311375137595,0.044718536542946524,0.042138326988802,0.03846609825995797,0.04863067659413532,0.13826178176606954,0.16624873932574855,0.09213876977410476,0.10702176803009314,0.08918741699109405,0.050309334725595616,0.0640693303807105,0.033881894645067585,0.03523643864875423,0.04371682929433095,0.049963819703781574,0.046419157510389275,0.04214875206229405,0.041564260423481186,0.049844711592784724,0.3254901960784314,0.3915441176470588,0.2086021505376344,0.2731829573934837,0.05832813474734872,0.8740503798480609,0.029357586921482846,13.700579327167395,15.0,0.8108308605341247,0.9479618386816999,0.8334883720930233,0.011627906976744186,20.0,0.8986960882647944,0.777103209019948,0.11718670596605346,1.0,0.9484193011647254,0.012779184895233709,19.0,0.9112709832134293,0.9887250650477016,0.55,0.7,765,544,2325,1197,6412,0.09834379678855051,0.04144646936527199,0.046233833859903546,0.09106424736132455,0.049992769002022965,0.041163346425881195,0.047745694875571995,0.09123493189175368,0.04867211443529684,0.03951071221320066,0.04596724999727244,5,0.15649999999999997,0.16783333333333328,0.11675,0.775,47,0.49892844023340716,-0.007059855890295428,0.015938079273632846,0.030501171719474127,0.040453354054434995,0.047745694875571995,0.03870962969872165,20.164416666666668,0.06274509803921569,0.0661764705882353,0.06838709677419355,0.08771929824561403,0.024017467248908297,0.019240023294820496,0.01970835616366384,0.017645294886564508,0.027307074258745574,0.006908623400803372
0.08370702695600964,0.9614521906611156,0.9721902252427371,0.8650955161679774,0.981834453979664,0.8878488549768827,0.978316860371527,0.965352492141895,0.9631228718313936,0.9774021207285813,0.9725589323313826,0.9746270203980801,0.9143950526092457,0.9719253864962042,0.9742348667417322,0.9771594986095674,0.8393903187413991,0.8255174433741214,0.8567983210173659,0.8575345361249935,0.8567836853258626,0.6303800913974044,0.6886104573465083,0.5569999898957239,0.8576927409807675,0.006278164061024105,0.8634585562766481,0.8622892424181686,0.8648436868482742,0.857180392215624,0.856446011654907,0.8576724294721526,0.8479393469066596,0.8515319113580881,0.12722222222222224,0.039583333333333304,0.7993333333333333,0.10032276866918217,-0.21603640898497617,1.1198182627716966,0,0.01328102533902718,0,0,1,0.08513958978795376,0.03570919776137025,0.004752298426714527,1.125727052218396,1.1091625531525617,1.128980457465234,1.130107684446953,1.1088373146876818,0.14983333333333335,0.8096666666666666,0.7993333333333333,0.08620689655172409,0.08058871963771097,0.08131776480400332,0.9052874795844416,0.7184128097280756,0.5596596833344127,0.14069308121854335,0.17381029379978113,0.09276685218648781,0.11066756089925668,0.08867070401182738,0.05261300242837966,0.0467398039933583,0.04986568427773503,0.04852892967092154,0.04982922120575597,0.05303828406488869,0.06994638554599288,0.034237187784622626,0.03818295217863182,0.04329289078442905,0.04870390324100001,0.04588124558387443,0.04652460461994885,0.043951604814285485,0.04826869524097354,0.13780643721236527,0.1757847733252301,0.09244600724197215,0.11213745038734943,0.08821419217457759,0.05070863820686722,0.07131382137331141,0.03403168264348427,0.04021916219480494,0.043496568931027664,0.046556703487638754,0.04728982807111182,0.04646039685490991,0.046058494750555096,0.04884130850747261,0.3484042553191489,0.336,0.18364485981308412,0.2951096121416526,0.05024813895781638,0.8639269406392694,0.028172293364377182,12.385321100917432,16.0,0.7962962962962963,0.9441117764471058,0.8464818763326225,0.009313154831199068,20.0,0.9084668192219679,0.7924151696606786,0.10446205170975813,1.0,0.958614051973051,0.009313154831199068,19.0,0.9256505576208178,0.9940119760479041,0.55,0.7,752,625,2140,1186,6448,0.10007659591741307,0.043162622500582025,0.04737036300218671,0.09029946066727754,0.050216753402643456,0.041592048781244444,0.04819728496731308,0.09158656573610695,0.04962178497185319,0.040561944172003636,0.04731018924960563,5,0.15808333333333335,0.1675833333333333,0.13025,0.79325,48,0.4621686540425696,-0.0028850647423380765,0.018852652620425934,0.03229116295090172,0.04145761582991677,0.04819728496731308,0.0398557767062474,20.22325,0.06914893617021277,0.0544,0.06635514018691589,0.0775716694772344,0.02295285359801489,0.017757162854725974,0.013642896455977067,0.01822996290615305,0.022045319522035763,0.0063721692328361145
0.09250449124884193,0.9410716748846245,0.9730397146127483,0.8941039760711892,0.9686918938224801,0.8845116462224406,0.9686362857094564,0.9356577003484321,0.9334865665827223,0.9659767206343216,0.9716047991438846,0.9915200725794048,0.8447867298578199,0.9999863606870837,0.9861894037581767,0.9942323413150106,0.8506095539313795,0.8448978137260206,0.8457413401881793,0.8471120873180354,0.8460389359405083,0.6269564321736283,0.6886020327176159,0.5517891298642355,0.8465106380766826,0.007941673453030651,0.8553008909048894,0.8488185709706009,0.8634943759265781,0.8473592174518587,0.840423793270349,0.8559225681782576,0.838332331338478,0.8449392901132656,0.125,0.043055555555555514,0.8281666666666667,0.10085014826109852,-0.18174085281936836,1.1001985023138552,0,0.013428290793061291,0,0,0,0.07301178871184673,0.03065217449552044,0.010993313012023415,1.1251886155527109,1.123810750256481,1.128324570877091,1.1274186680728513,1.1103216967604597,0.22275,0.83225,0.8281666666666667,0.0939019827908717,0.08701311705216785,0.08844837995572552,0.8905608682141491,0.6973562045867263,0.5423904382590755,0.13888147798938097,0.1627682993348048,0.09231611766035727,0.10726888238496787,0.08975651062295807,0.05077929246504349,0.054839256850530045,0.048394120614058296,0.043125039496726046,0.05141362083424761,0.05441607079943974,0.06471847916186207,0.03406630466634163,0.03740523555205275,0.04460118347863986,0.04703631139007892,0.048325693905550006,0.04454432073172267,0.03933518602976914,0.050328499041792554,0.1343832329649272,0.15423780198379727,0.09214010598254117,0.10387595332888305,0.08928829752103315,0.05110754472090658,0.057582133495495645,0.034310194044748624,0.03407183059895344,0.044595658102713605,0.04395922508930962,0.04155317837763542,0.04493261227057753,0.03617292056001381,0.050490302408574744,0.36693548387096775,0.3843283582089552,0.18365591397849462,0.26671911880409127,0.05277337559429477,0.855505525992632,0.03251387787470262,13.40309921513383,15.0,0.7845345345345346,0.9405940594059405,0.8450971103742301,0.012235187492919452,20.0,0.892,0.8028802880288028,0.11179311732743007,1.0,0.9492254733218589,0.012461765039084628,19.0,0.909315746084089,0.9927992799279928,0.55,0.7,744,536,2325,1271,6310,0.0990442457688222,0.043210650991566436,0.04756221917632721,0.09098695043930415,0.05028783738911562,0.0417143383476761,0.0481889298424741,0.09246990590833827,0.04945665266317558,0.04102296796353807,0.04734718026932303,5,0.15683333333333338,0.16474999999999995,0.09866666666666667,0.7891666666666667,49,0.49725353487686463,-0.005950784820893804,0.016858551247028616,0.031041119114039326,0.04089405964575611,0.0481889298424741,0.03915661394425664,20.288083333333333,0.07661290322580645,0.08582089552238806,0.0610752688172043,0.0944138473642801,0.020919175911251982,0.018563419891208573,0.020453279852383162,0.019683122887969293,0.02438629140653754,0.005586364178445821
0.08583682836451667,0.9431186283595923,0.9448637144961938,0.9636823154687716,0.9772525774821075,0.9435246687155084,0.972462883096065,0.9794565541952822,0.9780145579925295,0.9863614584386381,0.985646327912031,0.9863540271205496,0.9321222692561316,0.9832263355388252,0.9903937325892254,0.9904793729413428,0.8330867627640844,0.8215799680897888,0.8368580766709833,0.8368413492405822,0.8374190501953407,0.621910142561541,0.6861045445166364,0.5395716410724423,0.8377261900017428,0.009925059600288,0.8462014046103922,0.8488702478842026,0.8427623386609151,0.8362763450101042,0.8386814386609671,0.8331007285602389,0.8312907646093322,0.8303383087529959,0.12569444444444444,0.04916666666666669,0.8016666666666666,0.10351584971555197,-0.02952768878769522,0.9941386767995782,0,0.005753481738170707,0,0,1,0.08714673787254246,0.036718887133760904,0.00682579952475592,1.136024711790034,1.1151924554339714,1.1253058444129513,1.1269187607230735,1.1080442965152248,0.06433333333333334,0.8055833333333333,0.8016666666666666,0.06476683937823835,0.08358332471294094,0.0857588357588358,0.9245468880595366,0.7234017420299961,0.5187119233678121,0.13226174409127395,0.1747494418367525,0.092309026313712,0.11189378152387333,0.08760270396421005,0.055594206380896634,0.05285626651208875,0.047405701217858635,0.046402545015821514,0.04906150040571676,0.045571932341466906,0.07046390359043814,0.03374501645667723,0.039958835775014176,0.04230190792315378,0.048123353926300044,0.04987549360064603,0.04310045149784221,0.04304969407589011,0.046567955037204525,0.13034551093308228,0.17158964193161166,0.09099927745198085,0.110563585399929,0.08850240440918614,0.04371307308606154,0.06784167576193974,0.03270098199677627,0.03843585434263233,0.0437753591869657,0.04636768969595192,0.04752617926934269,0.042102940804467213,0.04147712244002941,0.04838121155652318,0.31636863823933975,0.3403846153846154,0.18785745710514737,0.2750809061488673,0.06310985206169342,0.8664169787765293,0.030751173708920186,13.544698544698544,16.0,0.7989255564082886,0.9463636363636364,0.8291727851199217,0.011267605633802818,21.0,0.8981972428419936,0.77,0.11434511434511435,1.0,0.9490639965171964,0.012558685446009389,19.0,0.910609857978279,0.990909090909091,0.55,0.7,727,520,2273,1236,6354,0.09826919077161413,0.04182267246147059,0.04572371461886131,0.0901168630404954,0.049358207920719335,0.04106425500704646,0.04651784828088599,0.09079955947949252,0.04818231455173561,0.039785786519599284,0.04520791556872025,5,0.15616666666666668,0.16508333333333336,0.136,0.78475,50,0.5526253777590372,-0.009034773377521694,0.014429873509555125,0.029333246677475153,0.03937762738858363,0.04651784828088599,0.03765120198085036,20.196833333333334,0.07977991746905089,0.05384615384615385,0.06379234491860977,0.0784789644012945,0.02470884482215927,0.025782195925399248,0.014322706032634497,0.018758692888412424,0.020693404336792707,0.006968553815776591
0.08423213475062208,0.9718322327971775,0.949679788161045,0.9334258074231714,0.982338534141814,0.9112588494919872,0.9753506210569316,0.9794152918266235,0.9821846407074505,0.9698633830390077,0.9803694531017997,0.9918584150279728,0.8784102819981314,0.9899572697068861,0.9904968696261931,0.9841600080927448,0.8267884200352651,0.8171733218785399,0.8409917883003444,0.840155491480195,0.8407156195785346,0.6357692629805917,0.6993718604181158,0.5586219401631913,0.841265859538191,0.008627800521884055,0.8492665622951989,0.8528447280185641,0.8446517074644908,0.8406387617733149,0.8464548951301529,0.8333789160874383,0.832224305334536,0.8357729485595554,0.12250000000000005,0.050277777777777755,0.831,0.1027211496177689,-0.11778687138248667,1.0123670130157463,0,0.012380608151865912,0,0,1,0.08628913196711806,0.0343445353463158,0.005388348744327823,1.124266066184527,1.115092512452419,1.126749183018515,1.1373498872753731,1.1086845131763372,0.25675,0.836,0.831,0.09315157416423236,0.09260366826156297,0.09165663858804651,0.8888472143315681,0.6760680796244848,0.5290685058737791,0.13847026774385188,0.17236064668565376,0.09360343657742151,0.11219052351146792,0.0860715147185357,0.048541020984160015,0.053864440407748265,0.04865800106421917,0.05514171417644029,0.047364112418714445,0.05073318041436341,0.06907461362919715,0.03473007828288135,0.0396097721010887,0.04088073125227941,0.04523869897903307,0.049395829456499146,0.04549004119776029,0.05062704772336089,0.04584960936838608,0.13925680571616927,0.16942523502265788,0.09419073523888392,0.11281512700029679,0.08618452033151405,0.05083892208291237,0.06760410220213663,0.035308549796177736,0.040945263918050055,0.0415137590281544,0.04542079956512599,0.04815328806430371,0.046109837139334996,0.05199645005086848,0.0467650043339385,0.33707865168539325,0.33925925925925926,0.1793002915451895,0.2797676669893514,0.06474282296650717,0.8687928946306016,0.029001925909142405,13.35740072202166,16.0,0.8078078078078078,0.9397379912663756,0.838591678097851,0.01416109663532344,20.0,0.8800383877159309,0.8008733624454148,0.11482150020056157,1.0,0.9440066362505184,0.014500962954571203,19.0,0.8988941548183255,0.993886462882096,0.55,0.7,712,675,2058,1033,6688,0.09843356984127578,0.04196212743655507,0.046400731783556956,0.09016124698843848,0.04902715071326666,0.04073347432133035,0.047201074051939795,0.09130955911685033,0.04847421315882696,0.03968534889830868,0.046320761316360586,5,0.1575833333333333,0.1669166666666667,0.10541666666666667,0.7846666666666666,51,0.5243524130629105,-0.006358817442751291,0.016090180121671644,0.030102529572234964,0.03995129653415671,0.047201074051939795,0.038223790025835314,20.1215,0.07162921348314606,0.0637037037037037,0.06316812439261418,0.07841239109390126,0.026764354066985647,0.020210874739885074,0.014546015906238104,0.01746915602880172,0.02108856990008281,0.007717041286619595
